,TxHash,BlockHeight,TimeStamp,From,To,Value,ContractAddress,Input,isError
0,0xb8e4d945e56a17390ba1f449c5d898daa1b8e9d87e92ffc21e0775ccd56e1a4a,5943119,1531288452,0x6edb9d6547befc3397801c94bb8c97d2e8087e2f,0x9dc3a07c2f00ce4973ac3a3e416fb4213bb72d2d,0.322063,,0x,0
1,0x9e54d65a2a2fec10c666712f4942d8e11d2cad2db2278c53af6ddbc5eb9ab220,5943394,1531292331,0x6edb9d6547befc3397801c94bb8c97d2e8087e2f,0x9dc3a07c2f00ce4973ac3a3e416fb4213bb72d2d,1219.9950000000001,,0x,0
2,0x3d0d5cd9d62823a989fd9f301feba7d6227da23ea9439783b91f9f2390f33bcb,5954196,1531448543,0x6edb9d6547befc3397801c94bb8c97d2e8087e2f,0x9dc3a07c2f00ce4973ac3a3e416fb4213bb72d2d,1999.9950000000001,,0x,0
3,0xe89dbf9e2f44404246e58584b6c0598fed1b98945a5c6f3d69907e2eba0722d1,5963137,1531576751,0x90f49e24a9554126f591d28174e157ca267194ba,0x9dc3a07c2f00ce4973ac3a3e416fb4213bb72d2d,80.0617776,,0x,0
4,0x0c95ad387bcc3310f25815533d7cdfd93c4d3052ba7e1e406a7201ccf4514804,5981571,1531845758,0xe3314bbf3334228b257779e28228cfb86fa4261b,0x9dc3a07c2f00ce4973ac3a3e416fb4213bb72d2d,376.196546,,0x,0
5,0xaa851001f12f90bb1c86b6d826ee987ca7d2a54a4fe831b12f9c041cf4a2bde7,8307584,1565235811,0xb83488322899d7e039bcec4f2cb6ee7b88303a4b,0x9dc3a07c2f00ce4973ac3a3e416fb4213bb72d2d,9.11e-16,,0x,0
6,0x79fa8099ad0839c0936fb7d5de57108c2d2c50febbed124c8d21f01e57df33cc,12153999,1617285476,0x9dc3a07c2f00ce4973ac3a3e416fb4213bb72d2d,0xf69930005cba7389c47d255838726d97bcd7aeca,1200.0,,0x,0
7,0x3a6f54ebe7bebb9e6b0abb2fcbdaa4a7f814ba3612b26719df1bc320eade157a,16217845,1671442091,0x9dc3a07c2f00ce4973ac3a3e416fb4213bb72d2d,0xf2f8734a34f93c33f259a684a103859dcd81d2c7,200.0,,0x,0
8,0x2d364cd39a1544f0950587c5ef72ef728d6301b4f1e986b4aa1c8d67d0216df2,16226633,1671548039,0x9dc3a07c2f00ce4973ac3a3e416fb4213bb72d2d,0xf2f8734a34f93c33f259a684a103859dcd81d2c7,300.0,,0x,0
9,0x9fb0a694387e35c6bf60049e5f0d6fbd3d58489d35bc6d6e0e0686e2d67c721e,16233863,1671635207,0x9dc3a07c2f00ce4973ac3a3e416fb4213bb72d2d,0xf2f8734a34f93c33f259a684a103859dcd81d2c7,500.0,,0x,0
10,0xdfe11b7aa0d3ad7e02e060248e23176158affadd97c2454b739bd07350171ca1,16248681,1671813671,0x9dc3a07c2f00ce4973ac3a3e416fb4213bb72d2d,0xf2f8734a34f93c33f259a684a103859dcd81d2c7,500.0,,0x,0
11,0xb98eb8f735b5aaa8f4187ca115b54a168381e598bb8d5d1c095bf47008382be6,16255577,1671896759,0x9dc3a07c2f00ce4973ac3a3e416fb4213bb72d2d,0xf2f8734a34f93c33f259a684a103859dcd81d2c7,500.0,,0x,0
12,0x42b3d985095370ed12fa7e244501786a64b4b8b96086903c11c788d138d2b7f4,16291677,1672332131,0x9dc3a07c2f00ce4973ac3a3e416fb4213bb72d2d,0xf2f8734a34f93c33f259a684a103859dcd81d2c7,476.5,,0x,0
13,0x08a78c3b54638a9670bc6cb4574b88431d64aff3ddbac88fa3a5100791ec3029,20830228,1727298803,0x9dc3a07c2f00ce4973ac3a3e416fb4213bb72d2d,0xc9d57933319b9a8bf1830ae3c593e688e003d36f,0.064000060051,,0x,0
